{
	"credit": "Made with Blockbench",
	"textures": {
		"1": "block/ear",
		"particle": "11cdb1e561aad3951cf282e5f3319f0c2863fd67"
	},
	"elements": [
		{
			"from": [8.5, 8, 10],
			"to": [11.5, 12, 11],
			"faces": {
				"north": {"uv": [0, 0, 3, 4], "texture": "#1"},
				"east": {"uv": [0, 4, 1, 8], "texture": "#1"},
				"south": {"uv": [3, 3, 6, 7], "texture": "#1"},
				"west": {"uv": [1, 4, 2, 8], "texture": "#1"},
				"up": {"uv": [6, 1, 3, 0], "texture": "#1"},
				"down": {"uv": [6, 1, 3, 2], "texture": "#1"}
			}
		},
		{
			"from": [4.5, 8, 10],
			"to": [7.5, 12, 11],
			"faces": {
				"north": {"uv": [0, 0, 3, 4], "texture": "#1"},
				"east": {"uv": [0, 4, 1, 8], "texture": "#1"},
				"south": {"uv": [3, 3, 6, 7], "texture": "#1"},
				"west": {"uv": [1, 4, 2, 8], "texture": "#1"},
				"up": {"uv": [6, 1, 3, 0], "texture": "#1"},
				"down": {"uv": [6, 1, 3, 2], "texture": "#1"}
			}
		}
	],
	"display": {
		"thirdperson_righthand": {
			"scale": [0, 0, 0]
		},
		"thirdperson_lefthand": {
			"scale": [0, 0, 0]
		},
		"gui": {
			"rotation": [0, -180, 0],
			"translation": [0, -4.25, 0],
			"scale": [2, 2, 2]
		},
		"head": {
			"translation": [0, 6.25, 0],
			"scale": [1.6, 1.6, 1.6]
		}
	},
	"groups": [
		{
			"name": "steve",
			"origin": [8, 8, 8],
			"children": [
				{
					"name": "group",
					"origin": [8, 8, 8],
					"children": [0, 1]
				}
			]
		}
	]
}