{
	"credit": "Made with Blockbench",
	"textures": {
		"1": "exclusives/ehat_samantha",
		"2": "exclusives/samanthas"
	},
	"elements": [
		{
			"from": [8.5, 8, 10],
			"to": [11.5, 12, 11],
			"faces": {
				"north": {"uv": [0, 0, 3, 4], "texture": "#1"},
				"east": {"uv": [0, 4, 1, 8], "texture": "#1"},
				"south": {"uv": [3, 3, 6, 7], "texture": "#1"},
				"west": {"uv": [1, 4, 2, 8], "texture": "#1"},
				"up": {"uv": [6, 1, 3, 0], "texture": "#1"},
				"down": {"uv": [6, 1, 3, 2], "texture": "#1"}
			}
		},
		{
			"from": [4.5, 8, 10],
			"to": [7.5, 12, 11],
			"faces": {
				"north": {"uv": [0, 0, 3, 4], "texture": "#1"},
				"east": {"uv": [0, 4, 1, 8], "texture": "#1"},
				"south": {"uv": [3, 3, 6, 7], "texture": "#1"},
				"west": {"uv": [1, 4, 2, 8], "texture": "#1"},
				"up": {"uv": [6, 1, 3, 0], "texture": "#1"},
				"down": {"uv": [6, 1, 3, 2], "texture": "#1"}
			}
		},
		{
			"name": "head",
			"from": [4, 0.5, 4],
			"to": [12, 8.5, 12],
			"faces": {
				"north": {"uv": [2, 2, 4, 4], "texture": "#2"},
				"east": {"uv": [0, 2, 2, 4], "texture": "#2"},
				"south": {"uv": [6, 2, 8, 4], "texture": "#2"},
				"west": {"uv": [4, 2, 6, 4], "texture": "#2"},
				"up": {"uv": [4, 2, 2, 0], "texture": "#2"},
				"down": {"uv": [6, 0, 4, 2], "texture": "#2"}
			}
		},
		{
			"name": "head_2nd_layer",
			"from": [3.5, 0, 3.5],
			"to": [12.5, 9, 12.5],
			"faces": {
				"north": {"uv": [10, 2, 12, 4], "texture": "#2"},
				"east": {"uv": [8, 2, 10, 4], "texture": "#2"},
				"south": {"uv": [14, 2, 16, 4], "texture": "#2"},
				"west": {"uv": [12, 2, 14, 4], "texture": "#2"},
				"up": {"uv": [12, 2, 10, 0], "texture": "#2"},
				"down": {"uv": [14, 0, 12, 2], "texture": "#2"}
			}
		}
	],
	"display": {
		"thirdperson_righthand": {
			"rotation": [0, 135, 0],
			"translation": [0, 3.75, 0],
			"scale": [0.5, 0.5, 0.1]
		},
		"thirdperson_lefthand": {
			"rotation": [0, 135, 0],
			"translation": [0, 3.75, 0],
			"scale": [0.5, 0.5, 0.1]
		},
		"firstperson_righthand": {
			"rotation": [0, 110, 0],
			"translation": [0, 6.25, 1.5],
			"scale": [0.62, 0.67, 0.16]
		},
		"firstperson_lefthand": {
			"rotation": [0, 110, 0],
			"translation": [0, 6.25, 1.5],
			"scale": [0.62, 0.67, 0.16]
		},
		"ground": {
			"translation": [0, 5.25, 0],
			"scale": [1, 1, 0.2]
		},
		"gui": {
			"rotation": [29, 145, 0],
			"translation": [-0.25, 1.75, 0]
		},
		"head": {
			"translation": [0, 5.75, 0],
			"scale": [1.65, 1.65, 1.65]
		},
		"fixed": {
			"translation": [0.25, 2, -1.5],
			"scale": [0.88, 0.96, 0.53]
		}
	},
	"groups": [
		{
			"name": "steve",
			"origin": [8, 8, 8],
			"children": [
				{
					"name": "group",
					"origin": [8, 8, 8],
					"children": [0, 1]
				}
			]
		},
		{
			"name": "steve",
			"origin": [8, 8, 8],
			"children": [2, 3]
		}
	]
}