{
	"credit": "Made with Blockbench",
	"texture_size": [128, 128],
	"textures": {
		"0": "misc/freeitem_christmas"
	},
	"elements": [
		{
			"name": "inner",
			"from": [3.7, 4, 9.2],
			"to": [9.7, 10, 15.2],
			"rotation": {"angle": -22.5, "axis": "y", "origin": [6.7, -21, 12.2]},
			"faces": {
				"north": {"uv": [4, 4, 5, 5], "texture": "#0"},
				"east": {"uv": [3, 4, 4, 5], "texture": "#0"},
				"south": {"uv": [6, 4, 7, 5], "texture": "#0"},
				"west": {"uv": [5, 4, 6, 5], "texture": "#0"},
				"up": {"uv": [5, 4, 4, 3], "texture": "#0"},
				"down": {"uv": [6, 3, 5, 4], "texture": "#0"}
			}
		},
		{
			"name": "outer",
			"from": [4.1, 3.8, 8.6],
			"to": [10.5, 10.2, 15],
			"rotation": {"angle": -22.5, "axis": "y", "origin": [6.3, -21, 10.8]},
			"faces": {
				"north": {"uv": [1, 2.5, 2, 3.5], "texture": "#0"},
				"east": {"uv": [0, 2.5, 1, 3.5], "texture": "#0"},
				"south": {"uv": [3, 2.5, 4, 3.5], "texture": "#0"},
				"west": {"uv": [2, 2.5, 3, 3.5], "texture": "#0"},
				"up": {"uv": [2, 2.5, 1, 1.5], "texture": "#0"},
				"down": {"uv": [3, 1.5, 2, 2.5], "texture": "#0"}
			}
		},
		{
			"name": "inner",
			"from": [2, -1, 3],
			"to": [8, 5, 9],
			"rotation": {"angle": 0, "axis": "y", "origin": [5, -26, 6]},
			"faces": {
				"north": {"uv": [4, 4, 5, 5], "texture": "#0"},
				"east": {"uv": [3, 4, 4, 5], "texture": "#0"},
				"south": {"uv": [6, 4, 7, 5], "texture": "#0"},
				"west": {"uv": [5, 4, 6, 5], "texture": "#0"},
				"up": {"uv": [5, 4, 4, 3], "texture": "#0"},
				"down": {"uv": [6, 3, 5, 4], "texture": "#0"}
			}
		},
		{
			"name": "inner",
			"from": [4, 1, 4],
			"to": [10, 7, 10],
			"rotation": {"angle": 0, "axis": "y", "origin": [7, -24, 7]},
			"faces": {
				"north": {"uv": [4, 4, 5, 5], "texture": "#0"},
				"east": {"uv": [3, 4, 4, 5], "texture": "#0"},
				"south": {"uv": [6, 4, 7, 5], "texture": "#0"},
				"west": {"uv": [5, 4, 6, 5], "texture": "#0"},
				"up": {"uv": [5, 4, 4, 3], "texture": "#0"},
				"down": {"uv": [6, 3, 5, 4], "texture": "#0"}
			}
		},
		{
			"name": "outer",
			"from": [3.8, 0.8, 3.7],
			"to": [10.2, 7.2, 10.1],
			"rotation": {"angle": 0, "axis": "y", "origin": [6, -24, 5.9]},
			"faces": {
				"north": {"uv": [1, 2.5, 2, 3.5], "texture": "#0"},
				"east": {"uv": [0, 2.5, 1, 3.5], "texture": "#0"},
				"south": {"uv": [3, 2.5, 4, 3.5], "texture": "#0"},
				"west": {"uv": [2, 2.5, 3, 3.5], "texture": "#0"},
				"up": {"uv": [2, 2.5, 1, 1.5], "texture": "#0"},
				"down": {"uv": [3, 1.5, 2, 2.5], "texture": "#0"}
			}
		},
		{
			"name": "inner",
			"from": [1, 0, 8],
			"to": [7, 6, 14],
			"rotation": {"angle": 0, "axis": "y", "origin": [4, -25, 11]},
			"faces": {
				"north": {"uv": [4, 4, 5, 5], "texture": "#0"},
				"east": {"uv": [3, 4, 4, 5], "texture": "#0"},
				"south": {"uv": [6, 4, 7, 5], "texture": "#0"},
				"west": {"uv": [5, 4, 6, 5], "texture": "#0"},
				"up": {"uv": [5, 4, 4, 3], "texture": "#0"},
				"down": {"uv": [6, 3, 5, 4], "texture": "#0"}
			}
		},
		{
			"name": "inner",
			"from": [5, -2, 8],
			"to": [11, 4, 14],
			"rotation": {"angle": 0, "axis": "y", "origin": [8, -27, 11]},
			"faces": {
				"north": {"uv": [4, 4, 5, 5], "texture": "#0"},
				"east": {"uv": [3, 4, 4, 5], "texture": "#0"},
				"south": {"uv": [6, 4, 7, 5], "texture": "#0"},
				"west": {"uv": [5, 4, 6, 5], "texture": "#0"},
				"up": {"uv": [5, 4, 4, 3], "texture": "#0"},
				"down": {"uv": [6, 3, 5, 4], "texture": "#0"}
			}
		},
		{
			"from": [1, 0, 3],
			"to": [11, 1, 14],
			"rotation": {"angle": 0, "axis": "y", "origin": [6, 0, 8]},
			"faces": {
				"north": {"uv": [1.375, 1.375, 2.625, 1.5], "texture": "#0"},
				"east": {"uv": [0, 1.375, 1.375, 1.5], "texture": "#0"},
				"south": {"uv": [4, 1.375, 5.25, 1.5], "texture": "#0"},
				"west": {"uv": [2.625, 1.375, 4, 1.5], "texture": "#0"},
				"up": {"uv": [2.625, 1.375, 1.375, 0], "texture": "#0"},
				"down": {"uv": [3.875, 0, 2.625, 1.375], "texture": "#0"}
			}
		},
		{
			"from": [0, 0, 2],
			"to": [12, 7, 3],
			"rotation": {"angle": 0, "axis": "y", "origin": [6, 0, 8]},
			"faces": {
				"north": {"uv": [5.25, 6.75, 6.75, 7.625], "texture": "#0"},
				"east": {"uv": [5.125, 6.75, 5.25, 7.625], "texture": "#0"},
				"south": {"uv": [6.875, 6.75, 8.375, 7.625], "texture": "#0"},
				"west": {"uv": [6.75, 6.75, 6.875, 7.625], "texture": "#0"},
				"up": {"uv": [6.75, 6.75, 5.25, 6.625], "texture": "#0"},
				"down": {"uv": [8.25, 6.625, 6.75, 6.75], "texture": "#0"}
			}
		},
		{
			"from": [-4.035, 6.24, 1.99],
			"to": [-3.015, 13.26, 15.01],
			"rotation": {"angle": -45, "axis": "z", "origin": [-9.025, 6.25, 8]},
			"faces": {
				"north": {"uv": [5.25, 1.625, 5.375, 2.5], "texture": "#0"},
				"east": {"uv": [3.625, 1.625, 5.25, 2.5], "texture": "#0"},
				"south": {"uv": [7, 1.625, 7.125, 2.5], "texture": "#0"},
				"west": {"uv": [5.375, 1.625, 7, 2.5], "texture": "#0"},
				"up": {"uv": [5.375, 1.625, 5.25, 0], "texture": "#0"},
				"down": {"uv": [5.5, 0, 5.375, 1.625], "texture": "#0"}
			}
		},
		{
			"from": [18.14, -1.81, 1.99],
			"to": [19.16, 5.21, 15.01],
			"rotation": {"angle": 45, "axis": "z", "origin": [13.15, -1.8, 8]},
			"faces": {
				"north": {"uv": [5.25, 1.625, 5.375, 2.5], "texture": "#0"},
				"east": {"uv": [3.625, 1.625, 5.25, 2.5], "texture": "#0"},
				"south": {"uv": [7, 1.625, 7.125, 2.5], "texture": "#0"},
				"west": {"uv": [5.375, 1.625, 7, 2.5], "texture": "#0"},
				"up": {"uv": [5.375, 1.625, 5.25, 0], "texture": "#0"},
				"down": {"uv": [5.5, 0, 5.375, 1.625], "texture": "#0"}
			}
		},
		{
			"from": [0, 0, 14],
			"to": [12, 7, 15],
			"rotation": {"angle": 0, "axis": "y", "origin": [5, 0, 14]},
			"faces": {
				"north": {"uv": [2, 6.5, 3.5, 7.375], "texture": "#0"},
				"east": {"uv": [1.875, 6.5, 2, 7.375], "texture": "#0"},
				"south": {"uv": [3.625, 6.5, 5.125, 7.375], "texture": "#0"},
				"west": {"uv": [3.5, 6.5, 3.625, 7.375], "texture": "#0"},
				"up": {"uv": [3.5, 6.5, 2, 6.375], "texture": "#0"},
				"down": {"uv": [5, 6.375, 3.5, 6.5], "texture": "#0"}
			}
		},
		{
			"from": [11, 0, 3],
			"to": [12, 7, 14],
			"rotation": {"angle": 0, "axis": "z", "origin": [11, 0, 8]},
			"faces": {
				"north": {"uv": [7.375, 2.5, 7.5, 3.375], "texture": "#0"},
				"east": {"uv": [6, 2.5, 7.375, 3.375], "texture": "#0"},
				"south": {"uv": [8.875, 2.5, 9, 3.375], "texture": "#0"},
				"west": {"uv": [7.5, 2.5, 8.875, 3.375], "texture": "#0"},
				"up": {"uv": [7.5, 2.5, 7.375, 1.125], "texture": "#0"},
				"down": {"uv": [7.625, 1.125, 7.5, 2.5], "texture": "#0"}
			}
		},
		{
			"from": [0, 0, 3],
			"to": [1, 7, 14],
			"rotation": {"angle": 0, "axis": "y", "origin": [0, 0, 8]},
			"faces": {
				"north": {"uv": [1.375, 7.375, 1.5, 8.25], "texture": "#0"},
				"east": {"uv": [0, 7.375, 1.375, 8.25], "texture": "#0"},
				"south": {"uv": [2.875, 7.375, 3, 8.25], "texture": "#0"},
				"west": {"uv": [1.5, 7.375, 2.875, 8.25], "texture": "#0"},
				"up": {"uv": [1.5, 7.375, 1.375, 6], "texture": "#0"},
				"down": {"uv": [1.625, 6, 1.5, 7.375], "texture": "#0"}
			}
		}
	],
	"display": {
		"thirdperson_righthand": {
			"rotation": [90, 0, 0],
			"translation": [-4, -1, -4.25]
		},
		"thirdperson_lefthand": {
			"rotation": [90, 0, 0],
			"translation": [-8, -1.25, -4]
		},
		"ground": {
			"translation": [0, 6, 0]
		},
		"gui": {
			"rotation": [26, -22, 0],
			"translation": [1, 1.25, 0],
			"scale": [0.5, 0.5, 0.5]
		},
		"head": {
			"rotation": [0, -180, 0],
			"translation": [-4.25, -27.25, 0],
			"scale": [2, 2, 2]
		},
		"fixed": {
			"translation": [2, 0, 0]
		}
	},
	"groups": [
		{
			"name": "freeitem_box",
			"origin": [0, 0, 0],
			"children": [
				{
					"name": "hats",
					"origin": [0, 2, 0],
					"children": [
						{
							"name": "hat1",
							"origin": [-0.1, 8.6, 3.9],
							"children": [0, 1]
						},
						{
							"name": "hat2",
							"origin": [-2.1, 8.6, -2.1],
							"children": [2]
						},
						{
							"name": "hat3",
							"origin": [0.9, 10.6, -1.1],
							"children": [3, 4]
						},
						{
							"name": "hat4",
							"origin": [-2.1, 9.6, 2.9],
							"children": [5]
						},
						{
							"name": "hat5",
							"origin": [1.9, 7.6, 2.9],
							"children": [6]
						}
					]
				},
				{
					"name": "box",
					"origin": [0, 0, 0],
					"children": [7, 8, 9, 10, 11, 12, 13]
				}
			]
		}
	]
}