{
	"credit": "Made by Foxotic",
	"textures": {
		"0": "block/kiraslith",
		"1": "block/ears"
	},
	"elements": [
		{
			"name": "head",
			"from": [4, 8.5, 4],
			"to": [12, 16.5, 12],
			"faces": {
				"north": {"uv": [2, 2, 4, 4], "texture": "#0"},
				"east": {"uv": [0, 2, 2, 4], "texture": "#0"},
				"south": {"uv": [6, 2, 8, 4], "texture": "#0"},
				"west": {"uv": [4, 2, 6, 4], "texture": "#0"},
				"up": {"uv": [4, 2, 2, 0], "texture": "#0"},
				"down": {"uv": [6, 0, 4, 2], "texture": "#0"}
			}
		},
		{
			"name": "head_2nd_layer",
			"from": [3.5, 8, 3.5],
			"to": [12.5, 17, 12.5],
			"faces": {
				"north": {"uv": [10, 2, 12, 4], "texture": "#0"},
				"east": {"uv": [8, 2, 10, 4], "texture": "#0"},
				"south": {"uv": [14, 2, 16, 4], "texture": "#0"},
				"west": {"uv": [12, 2, 14, 4], "texture": "#0"},
				"up": {"uv": [12, 2, 10, 0], "texture": "#0"},
				"down": {"uv": [14, 0, 12, 2], "texture": "#0"}
			}
		},
		{
			"from": [3.49, 16, 7],
			"to": [6.49, 20, 8],
			"faces": {
				"north": {"uv": [0, 0, 3, 4], "texture": "#1"},
				"east": {"uv": [6, 0, 7, 4], "texture": "#1"},
				"south": {"uv": [3, 3, 6, 7], "texture": "#1"},
				"west": {"uv": [3, 7, 4, 11], "texture": "#1"},
				"up": {"uv": [6, 1, 3, 0], "texture": "#1"},
				"down": {"uv": [6, 1, 3, 2], "texture": "#1"}
			}
		},
		{
			"from": [9.49, 16, 7],
			"to": [12.49, 20, 8],
			"faces": {
				"north": {"uv": [0, 4, 3, 8], "texture": "#1"},
				"east": {"uv": [4, 7, 5, 11], "texture": "#1"},
				"south": {"uv": [6, 6, 9, 10], "texture": "#1"},
				"west": {"uv": [5, 7, 6, 11], "texture": "#1"},
				"up": {"uv": [6, 3, 3, 2], "texture": "#1"},
				"down": {"uv": [9, 4, 6, 5], "texture": "#1"}
			}
		},
		{
			"from": [10.9, 16, 6.5],
			"to": [11.9, 18, 7.5],
			"faces": {
				"north": {"uv": [1, 7, 2, 8], "texture": "#1"},
				"east": {"uv": [0, 0, 1, 2], "texture": "#1"},
				"south": {"uv": [0, 0, 1, 2], "texture": "#1"},
				"west": {"uv": [0, 0, 1, 2], "texture": "#1"},
				"up": {"uv": [0, 0, 1, 1], "texture": "#1"},
				"down": {"uv": [0, 0, 1, 1], "texture": "#1"}
			}
		},
		{
			"from": [3.9, 16, 6.5],
			"to": [4.9, 18, 7.5],
			"faces": {
				"north": {"uv": [1, 7, 2, 8], "texture": "#1"},
				"east": {"uv": [0, 0, 1, 2], "texture": "#1"},
				"south": {"uv": [0, 0, 1, 2], "texture": "#1"},
				"west": {"uv": [0, 0, 1, 2], "texture": "#1"},
				"up": {"uv": [0, 0, 1, 1], "texture": "#1"},
				"down": {"uv": [0, 0, 1, 1], "texture": "#1"}
			}
		}
	],
	"display": {
		"thirdperson_righthand": {
			"rotation": [0, 145, 0],
			"scale": [0.5, 0.5, 0.05]
		},
		"thirdperson_lefthand": {
			"rotation": [0, 145, 0],
			"scale": [0.5, 0.5, 0.05]
		},
		"firstperson_righthand": {
			"rotation": [0, 145, 0],
			"translation": [0.75, 1.25, 0],
			"scale": [0.75, 0.75, 0.5]
		},
		"firstperson_lefthand": {
			"rotation": [0, 145, 0],
			"translation": [1.5, 0, 0],
			"scale": [0.75, 0.75, 0.05]
		},
		"ground": {
			"scale": [1, 1, 0.2]
		},
		"gui": {
			"rotation": [25, 145, 0],
			"translation": [-0.5, -4.75, 0]
		},
		"head": {
			"translation": [0, -7.25, 0],
			"scale": [1.61, 1.61, 1.61]
		},
		"fixed": {
			"translation": [0, -7.25, 0],
			"scale": [1.25, 1.25, 0.2]
		}
	},
	"groups": [
		{
			"name": "alex",
			"origin": [8, 8, 8],
			"children": [0, 1]
		},
		{
			"name": "ears",
			"origin": [8, 8, 8],
			"children": [2, 3, 4, 5]
		}
	]
}