{
	"credit": "Made with Blockbench",
	"texture_size": [64, 64],
	"textures": {
		"0": "hats/limited/pilgrim"
	},
	"elements": [
		{
			"name": "rim",
			"from": [3.1, 0, 3.5],
			"to": [12.8, 1, 12.4],
			"rotation": {"angle": 0, "axis": "y", "origin": [15.5, 8, 15.7]},
			"faces": {
				"north": {"uv": [2, 2, 4.25, 2.25], "texture": "#0"},
				"east": {"uv": [0, 2, 2, 2.25], "texture": "#0"},
				"south": {"uv": [6.25, 2, 8.5, 2.25], "texture": "#0"},
				"west": {"uv": [4.25, 2, 6.25, 2.25], "texture": "#0"},
				"up": {"uv": [4.25, 2, 2, 0], "texture": "#0"},
				"down": {"uv": [6.5, 0, 4.25, 2], "texture": "#0"}
			}
		},
		{
			"name": "top",
			"from": [3.9, 1, 4.1],
			"to": [11.9, 5, 11.9],
			"rotation": {"angle": 0, "axis": "y", "origin": [15.5, 9, 15.7]},
			"faces": {
				"north": {"uv": [1.75, 4, 3.75, 5], "texture": "#0"},
				"east": {"uv": [0, 4, 1.75, 5], "texture": "#0"},
				"south": {"uv": [5.5, 4, 7.5, 5], "texture": "#0"},
				"west": {"uv": [3.75, 4, 5.5, 5], "texture": "#0"},
				"up": {"uv": [3.75, 4, 1.75, 2.25], "texture": "#0"},
				"down": {"uv": [5.75, 2.25, 3.75, 4], "texture": "#0"}
			}
		},
		{
			"name": "buckle",
			"from": [5.8, 1, 3.9],
			"to": [9.8, 4, 3.9],
			"rotation": {"angle": 0, "axis": "y", "origin": [17.4, 9, 15.5]},
			"faces": {
				"north": {"uv": [0, 0, 1, 0.75], "texture": "#0"},
				"east": {"uv": [0, 0, 0, 0.75], "texture": "#0"},
				"south": {"uv": [1, 0, 2, 0.75], "texture": "#0"},
				"west": {"uv": [1, 0, 1, 0.75], "texture": "#0"},
				"up": {"uv": [1, 0, 0, 0], "texture": "#0"},
				"down": {"uv": [2, 0, 1, 0], "texture": "#0"}
			}
		}
	],
	"display": {
		"thirdperson_righthand": {
			"rotation": [0, 145, 0],
			"translation": [0, 8, 0],
			"scale": [0.75, 1, 0.1]
		},
		"thirdperson_lefthand": {
			"rotation": [0, 145, 0],
			"translation": [0, 8, 0],
			"scale": [0.75, 1, 0.1]
		},
		"firstperson_righthand": {
			"rotation": [0, 125, 0],
			"translation": [0, 10, 0]
		},
		"firstperson_lefthand": {
			"rotation": [0, 125, 0],
			"translation": [0, 10, 0]
		},
		"ground": {
			"translation": [0, 5, 0]
		},
		"gui": {
			"rotation": [0, -180, 0],
			"translation": [0.5, 7.5, 0],
			"scale": [1.5, 1.5, 0.1]
		},
		"head": {
			"translation": [0.181, 18, 0],
			"scale": [1.81, 1.81, 1.81]
		},
		"fixed": {
			"translation": [0, 8.75, -0.5],
			"scale": [1.75, 1.75, 0.1]
		}
	},
	"groups": [
		{
			"name": "pilgrim",
			"origin": [8, 8, 8],
			"children": [0, 1, 2]
		}
	]
}