{
	"credit": "Made with Blockbench",
	"texture_size": [64, 64],
	"textures": {
		"0": "hats/npc/mayor"
	},
	"elements": [
		{
			"name": "rim",
			"from": [3, 17, -3.71],
			"to": [12.7, 18, 6.49],
			"rotation": {"angle": 0, "axis": "y", "origin": [15.4, 25, 9.4]},
			"faces": {
				"north": {"uv": [2, 2, 4.25, 2.25], "texture": "#0"},
				"east": {"uv": [0, 2, 2, 2.25], "texture": "#0"},
				"south": {"uv": [6.25, 2, 8.5, 2.25], "texture": "#0"},
				"west": {"uv": [4.25, 2, 6.25, 2.25], "texture": "#0"},
				"up": {"uv": [4.25, 2, 2, 0], "texture": "#0"},
				"down": {"uv": [6.5, 0, 4.25, 2], "texture": "#0"}
			}
		},
		{
			"name": "top",
			"from": [3.8, 18, -3.01],
			"to": [12.1, 30, 5.99],
			"rotation": {"angle": 0, "axis": "y", "origin": [15.4, 26, 9.4]},
			"faces": {
				"north": {"uv": [3.75, 2.25, 5.75, 5], "texture": "#0"},
				"east": {"uv": [0, 2.25, 1.75, 5], "texture": "#0"},
				"south": {"uv": [5.5, 2.25, 7.5, 5], "texture": "#0"},
				"west": {"uv": [3.75, 2.25, 5.5, 5], "texture": "#0"},
				"up": {"uv": [3.75, 4, 1.75, 2.25], "texture": "#0"},
				"down": {"uv": [5.75, 2.25, 3.75, 4], "texture": "#0"}
			}
		}
	],
	"display": {
		"thirdperson_righthand": {
			"rotation": [67, 90, 0],
			"translation": [42, 4.75, 26.25]
		},
		"thirdperson_lefthand": {
			"rotation": [0, 145, 0],
			"translation": [0, 8, 0],
			"scale": [0.75, 1, 0.1]
		},
		"firstperson_righthand": {
			"rotation": [0, 125, 0],
			"translation": [0, 10, 0]
		},
		"firstperson_lefthand": {
			"rotation": [0, 125, 0],
			"translation": [0, 10, 0]
		},
		"ground": {
			"translation": [0, 5, 0]
		},
		"gui": {
			"rotation": [0, -180, 0],
			"translation": [0.5, 7.5, 0],
			"scale": [1.5, 1.5, 0.1]
		},
		"head": {
			"translation": [0.181, 18, 0],
			"scale": [1.81, 1.81, 1.81]
		},
		"fixed": {
			"translation": [0, 8.75, -0.5],
			"scale": [1.75, 1.75, 0.1]
		}
	},
	"groups": [
		{
			"name": "mayor",
			"origin": [8, 8, 8],
			"children": [0, 1]
		}
	]
}