{
	"parent": "block/carved_pumpkin",

	"overrides": [{
			"predicate": {
				"custom_model_data": 1
			},
			"model": "item/ehat_foxotic"
		},
		{
			"predicate": {
				"custom_model_data": 2
			},
			"model": "item/ehat_samantha"
		},
		{
			"predicate": {
				"custom_model_data": 3
			},
			"model": "item/ehat_kiraslith"
		},
		{
			"predicate": {
				"custom_model_data": 4
			},
			"model": "item/ehat_jack"
		},
		{
			"predicate": {
				"custom_model_data": 5
			},
			"model": "item/ehat_foxoticvr"
		}
	]
}